T,P,ρ(l),V,U,H,S,Cv,Cp,a,µJT,µ,k,σ,MW,R,T,P,ρ(g),V,U,H,S,Cv,Cp,gam,a,µJT,µ,k
°F,kPa,kg/m^3,m^3/kg,kj/kg,kJ/kg,J/g*K,J/g*K,J/g*K,m/s,K/Mpa,cP,W/m*K,N/m,44.013,188.9100947,°F,kPa,kg/m^3,m^3/kg,kj/kg,kJ/kg,J/g*K,J/g*K,J/g*K,,m/s,K/Mpa,cP,W/m*K
-131,89.277,1236.6,0.00080868,-3.6683,-3.5962,-0.01953,0.96061,1.7179,1147.9,-0.26682,0.31926,0.20652,0.02423,,,-131,89.277,2.6513,0.37718,339.36,373.03,2.0431,0.58107,0.79605,1.369972637,212.03,44.408,0.0090832,0.0087653
-130,92.363,1235,0.00080975,-2.7151,-2.6403,-0.014316,0.95983,1.7182,1144.3,-0.26593,0.316,0.20582,0.024102,,,-130,92.363,2.7363,0.36546,339.61,373.36,2.0387,0.58247,0.79813,1.370250828,212.23,44.029,0.0091132,0.0088033
-129,95.533,1233.3,0.00081082,-1.7617,-1.6842,-0.0091182,0.95906,1.7185,1140.7,-0.26503,0.3128,0.20513,0.023974,,,-129,95.533,2.8234,0.35418,339.86,373.7,2.0343,0.58387,0.80022,1.370544813,212.44,43.654,0.0091432,0.0088414
-128,98.789,1231.7,0.00081189,-0.80817,-0.72796,-0.003935,0.9583,1.7188,1137.1,-0.26412,0.30965,0.20444,0.023847,,,-128,98.789,2.9126,0.34333,340.11,374.03,2.0299,0.58529,0.80234,1.370841805,212.64,43.282,0.0091733,0.0088797
-127,102.13,1230.1,0.00081297,0.1455,0.22853,0.0012334,0.95755,1.7191,1133.6,-0.26319,0.30655,0.20375,0.02372,,,-127,102.13,3.0041,0.33288,340.36,374.36,2.0256,0.58672,0.80449,1.371165121,212.84,42.913,0.0092034,0.008918
-126,105.56,1228.4,0.00081405,1.0993,1.1852,0.0063871,0.9568,1.7195,1130,-0.26224,0.3035,0.20306,0.023593,,,-126,105.56,3.0977,0.32282,340.61,374.69,2.0213,0.58815,0.80665,1.371503868,213.04,42.549,0.0092336,0.0089566
-125,109.08,1226.8,0.00081514,2.0533,2.1422,0.011526,0.95607,1.7199,1126.4,-0.26128,0.30049,0.20237,0.023466,,,-125,109.08,3.1936,0.31312,340.86,375.02,2.017,0.58959,0.80884,1.371868587,213.24,42.187,0.0092638,0.0089952
-124,112.7,1225.1,0.00081623,3.0074,3.0994,0.016651,0.95534,1.7203,1122.8,-0.2603,0.29753,0.20169,0.023339,,,-124,112.7,3.2919,0.30378,341.11,375.34,2.0128,0.59105,0.81105,1.372218932,213.43,41.83,0.009294,0.009034
-123,116.41,1223.5,0.00081733,3.9618,4.0569,0.021762,0.95462,1.7207,1119.3,-0.25931,0.29462,0.201,0.023212,,,-123,116.41,3.3924,0.29478,341.36,375.67,2.0086,0.59251,0.81328,1.372601306,213.63,41.475,0.0093243,0.0090729
-122,120.21,1221.9,0.00081843,4.9163,5.0147,0.026858,0.95391,1.7212,1115.7,-0.25831,0.29175,0.20031,0.023085,,,-122,120.21,3.4953,0.2861,341.6,375.99,2.0044,0.59398,0.81553,1.372992357,213.82,41.124,0.0093546,0.009112
-121,124.11,1220.2,0.00081954,5.8711,5.9728,0.031941,0.9532,1.7216,1112.1,-0.25729,0.28892,0.19963,0.022958,,,-121,124.11,3.6006,0.27773,341.85,376.32,2.0003,0.59546,0.8178,1.373391999,214,40.777,0.009385,0.0091512
-120,128.11,1218.6,0.00082065,6.826,6.9311,0.03701,0.9525,1.7221,1108.5,-0.25625,0.28614,0.19894,0.022832,,,-120,128.11,3.7083,0.26966,342.09,376.64,1.9962,0.59694,0.8201,1.373839917,214.19,40.433,0.0094154,0.0091905
-119,132.21,1216.9,0.00082176,7.7812,7.8898,0.042065,0.95181,1.7227,1105,-0.25519,0.2834,0.19826,0.022706,,,-119,132.21,3.8185,0.26188,342.34,376.96,1.9921,0.59844,0.82242,1.37427311,214.37,40.092,0.0094459,0.00923
-118,136.41,1215.2,0.00082288,8.7366,8.8489,0.047106,0.95113,1.7232,1101.4,-0.25412,0.2807,0.19757,0.022579,,,-118,136.41,3.9313,0.25437,342.58,377.28,1.9881,0.59994,0.82476,1.374737474,214.56,39.755,0.0094764,0.0092696
-117,140.71,1213.6,0.00082401,9.6923,9.8082,0.052135,0.95045,1.7238,1097.9,-0.25304,0.27804,0.19689,0.022453,,,-117,140.71,4.0466,0.24712,342.83,377.6,1.9841,0.60145,0.82712,1.375209909,214.73,39.421,0.009507,0.0093093
-116,145.12,1211.9,0.00082514,10.648,10.768,0.057149,0.94978,1.7243,1094.3,-0.25194,0.27543,0.19621,0.022327,,,-116,145.12,4.1645,0.24012,343.07,377.92,1.9801,0.60297,0.82951,1.375706917,214.91,39.091,0.0095376,0.0093492
-115,149.64,1210.3,0.00082627,11.604,11.728,0.062151,0.94912,1.725,1090.7,-0.25082,0.27284,0.19553,0.022201,,,-115,149.64,4.285,0.23337,343.31,378.23,1.9762,0.60449,0.83192,1.376234512,215.09,38.763,0.0095683,0.0093892
-114,154.27,1208.6,0.00082741,12.561,12.689,0.06714,0.94847,1.7256,1087.2,-0.24968,0.2703,0.19484,0.022076,,,-114,154.27,4.4083,0.22685,343.55,378.54,1.9723,0.60603,0.83435,1.376747026,215.26,38.44,0.009599,0.0094294
-113,159.01,1206.9,0.00082856,13.518,13.649,0.072116,0.94782,1.7262,1083.6,-0.24853,0.2678,0.19416,0.02195,,,-113,159.01,4.5342,0.22055,343.79,378.86,1.9684,0.60757,0.8368,1.37728986,215.43,38.119,0.0096298,0.0094697
-112,163.86,1205.2,0.00082971,14.475,14.611,0.077079,0.94718,1.7269,1080.1,-0.24736,0.26533,0.19348,0.021825,,,-112,163.86,4.6629,0.21446,344.03,379.17,1.9645,0.60912,0.83928,1.37785658,215.6,37.801,0.0096606,0.0095102
-111,168.83,1203.6,0.00083086,15.432,15.572,0.08203,0.94655,1.7276,1076.5,-0.24617,0.2629,0.1928,0.021699,,,-111,168.83,4.7944,0.20858,344.27,379.48,1.9607,0.61068,0.84177,1.378414227,215.76,37.487,0.0096914,0.0095508
-110,173.91,1201.9,0.00083202,16.39,16.535,0.086968,0.94592,1.7283,1073,-0.24497,0.2605,0.19213,0.021574,,,-110,173.91,4.9288,0.20289,344.5,379.79,1.9569,0.61224,0.8443,1.379034366,215.93,37.176,0.0097224,0.0095915
-109,179.11,1200.2,0.00083319,17.348,17.497,0.091893,0.9453,1.729,1069.4,-0.24375,0.25814,0.19145,0.021449,,,-109,179.11,5.066,0.19739,344.74,380.09,1.9531,0.61381,0.84684,1.379645167,216.09,36.868,0.0097533,0.0096324
-108,184.43,1198.5,0.00083436,18.306,18.46,0.096807,0.94469,1.7298,1065.9,-0.24251,0.25581,0.19077,0.021324,,,-108,184.43,5.2062,0.19208,344.97,380.4,1.9494,0.61539,0.8494,1.380262923,216.25,36.564,0.0097843,0.0096735
-107,189.87,1196.8,0.00083553,19.265,19.424,0.10171,0.94408,1.7306,1062.3,-0.24125,0.25351,0.19009,0.021199,,,-107,189.87,5.3494,0.18694,345.21,380.7,1.9457,0.61697,0.85199,1.380926139,216.4,36.262,0.0098154,0.0097147
-106,195.44,1195.1,0.00083672,20.224,20.388,0.1066,0.94348,1.7314,1058.8,-0.23997,0.25124,0.18942,0.021074,,,-106,195.44,5.4955,0.18197,345.44,381.01,1.942,0.61856,0.85461,1.381612131,216.56,35.964,0.0098465,0.0097561
-105,201.13,1193.5,0.0008379,21.184,21.352,0.11148,0.94289,1.7322,1055.2,-0.23868,0.24901,0.18874,0.020949,,,-105,201.13,5.6447,0.17716,345.67,381.31,1.9383,0.62016,0.85724,1.382288442,216.71,35.669,0.0098777,0.0097976
-104,206.95,1191.8,0.0008391,22.143,22.317,0.11634,0.9423,1.7331,1051.7,-0.23737,0.24681,0.18807,0.020825,,,-104,206.95,5.797,0.1725,345.91,381.61,1.9347,0.62176,0.8599,1.383009521,216.86,35.376,0.0099089,0.0098393
-103,212.9,1190.1,0.0008403,23.104,23.283,0.1212,0.94172,1.734,1048.1,-0.23603,0.24464,0.18739,0.020701,,,-103,212.9,5.9525,0.168,346.14,381.9,1.931,0.62337,0.86258,1.383736786,217,35.087,0.0099402,0.0098811
-102,218.98,1188.4,0.0008415,24.064,24.249,0.12604,0.94115,1.7348,1044.6,-0.23468,0.2425,0.18672,0.020576,,,-102,218.98,6.1112,0.16363,346.37,382.2,1.9275,0.62499,0.86529,1.384486152,217.15,34.801,0.0099716,0.0099231
-101,225.2,1186.6,0.00084271,25.025,25.215,0.13087,0.94058,1.7358,1041,-0.23331,0.24039,0.18604,0.020452,,,-101,225.2,6.2731,0.15941,346.6,382.5,1.9239,0.62661,0.86801,1.385247602,217.29,34.518,0.010003,0.0099653
-100,231.55,1184.9,0.00084392,25.987,26.182,0.13569,0.94002,1.7367,1037.5,-0.23192,0.2383,0.18537,0.020328,,,-100,231.55,6.4382,0.15532,346.82,382.79,1.9204,0.62824,0.87077,1.386046734,217.43,34.238,0.010034,0.010008
-99,238.04,1183.2,0.00084515,26.949,27.15,0.1405,0.93946,1.7377,1034,-0.23052,0.23625,0.1847,0.020204,,,-99,238.04,6.6067,0.15136,347.05,383.08,1.9168,0.62988,0.87354,1.386835588,217.57,33.961,0.010066,0.01005
-98,244.66,1181.5,0.00084637,27.911,28.118,0.1453,0.93892,1.7387,1030.4,-0.22909,0.23422,0.18403,0.020081,,,-98,244.66,6.7786,0.14752,347.28,383.37,1.9134,0.63152,0.87634,1.387667849,217.7,33.687,0.010098,0.010093
-97,251.43,1179.8,0.00084761,28.874,29.087,0.15008,0.93837,1.7397,1026.9,-0.22764,0.23222,0.18336,0.019957,,,-97,251.43,6.9539,0.1438,347.5,383.66,1.9099,0.63316,0.87916,1.388527386,217.84,33.415,0.010129,0.010136
-96,258.34,1178.1,0.00084885,29.837,30.057,0.15486,0.93784,1.7407,1023.3,-0.22617,0.23025,0.18269,0.019833,,,-96,258.34,7.1327,0.1402,347.73,383.95,1.9064,0.63482,0.88201,1.389385968,217.97,33.147,0.010161,0.010179
-95,265.4,1176.3,0.00085009,30.801,31.027,0.15962,0.93731,1.7418,1019.8,-0.22468,0.2283,0.18202,0.01971,,,-95,265.4,7.315,0.13671,347.95,384.23,1.903,0.63647,0.88488,1.390293337,218.1,32.882,0.010193,0.010222
-94,272.6,1174.6,0.00085134,31.766,31.998,0.16438,0.93678,1.7429,1016.3,-0.22317,0.22638,0.18135,0.019587,,,-94,272.6,7.5008,0.13332,348.17,384.51,1.8996,0.63813,0.88778,1.391221225,218.22,32.619,0.010224,0.010265
-93,279.95,1172.9,0.0008526,32.73,32.969,0.16912,0.93626,1.744,1012.7,-0.22163,0.22449,0.18068,0.019464,,,-93,279.95,7.6903,0.13003,348.39,384.8,1.8963,0.6398,0.8907,1.392153798,218.34,32.359,0.010256,0.010309
-92,287.46,1171.1,0.00085387,33.696,33.941,0.17386,0.93575,1.7451,1009.2,-0.22008,0.22262,0.18001,0.019341,,,-92,287.46,7.8834,0.12685,348.61,385.07,1.8929,0.64148,0.89364,1.393090977,218.46,32.102,0.010288,0.010352
-91,295.11,1169.4,0.00085514,34.662,34.914,0.17858,0.93524,1.7463,1005.7,-0.21851,0.22077,0.17934,0.019218,,,-91,295.11,8.0802,0.12376,348.83,385.35,1.8896,0.64315,0.89661,1.394091581,218.58,31.848,0.01032,0.010396
-90,302.92,1167.7,0.00085642,35.628,35.887,0.1833,0.93474,1.7475,1002.1,-0.21691,0.21895,0.17868,0.019095,,,-90,302.92,8.2808,0.12076,349.05,385.63,1.8863,0.64484,0.8996,1.395074747,218.7,31.596,0.010352,0.01044
-89,310.89,1165.9,0.0008577,36.595,36.861,0.188,0.93425,1.7487,998.59,-0.21529,0.21715,0.17801,0.018973,,,-89,310.89,8.4852,0.11785,349.26,385.9,1.883,0.64652,0.90262,1.39612077,218.81,31.348,0.010384,0.010485
-88,319.02,1164.2,0.00085899,37.562,37.836,0.19269,0.93376,1.7499,995.06,-0.21365,0.21537,0.17735,0.01885,,,-88,319.02,8.6934,0.11503,349.48,386.18,1.8797,0.64821,0.90567,1.397186097,218.92,31.102,0.010417,0.010529
-87,327.31,1162.4,0.00086029,38.53,38.812,0.19738,0.93327,1.7512,991.52,-0.21198,0.21361,0.17668,0.018728,,,-87,327.31,8.9056,0.11229,349.69,386.45,1.8765,0.64991,0.90874,1.398255143,219.03,30.858,0.010449,0.010574
-86,335.77,1160.6,0.00086159,39.499,39.788,0.20205,0.93279,1.7524,987.99,-0.2103,0.21188,0.17602,0.018606,,,-86,335.77,9.1217,0.10963,349.91,386.72,1.8732,0.65161,0.91183,1.399349304,219.14,30.618,0.010481,0.010619
-85,344.39,1158.9,0.0008629,40.468,40.765,0.20672,0.93232,1.7537,984.46,-0.20859,0.21017,0.17535,0.018484,,,-85,344.39,9.3418,0.10705,350.12,386.98,1.87,0.65332,0.91495,1.400462254,219.24,30.38,0.010514,0.010664
-84,353.17,1157.1,0.00086422,41.438,41.743,0.21137,0.93185,1.7551,980.93,-0.20685,0.20848,0.17469,0.018362,,,-84,353.17,9.566,0.10454,350.33,387.25,1.8668,0.65503,0.9181,1.401615193,219.34,30.144,0.010546,0.010709
-83,362.13,1155.3,0.00086554,42.409,42.722,0.21602,0.93139,1.7564,977.4,-0.20509,0.20681,0.17403,0.01824,,,-83,362.13,9.7943,0.1021,350.54,387.51,1.8637,0.65674,0.92128,1.402807808,219.44,29.911,0.010579,0.010754
-82,371.26,1153.6,0.00086688,43.38,43.701,0.22065,0.93094,1.7578,973.87,-0.20331,0.20516,0.17336,0.018118,,,-82,371.26,10.027,0.099733,350.75,387.78,1.8605,0.65846,0.92448,1.40400328,219.53,29.681,0.010611,0.0108
-81,380.56,1151.8,0.00086821,44.351,44.682,0.22528,0.93048,1.7592,970.34,-0.20151,0.20354,0.1727,0.017997,,,-81,380.56,10.264,0.097433,350.96,388.03,1.8574,0.66018,0.9277,1.405222818,219.63,29.454,0.010644,0.010846
-80,390.04,1150,0.00086956,45.324,45.663,0.2299,0.93004,1.7607,966.81,-0.19967,0.20193,0.17204,0.017876,,,-80,390.04,10.505,0.095197,351.16,388.29,1.8543,0.66191,0.93096,1.406475201,219.72,29.228,0.010677,0.010892
-79,399.69,1148.2,0.00087091,46.297,46.645,0.23451,0.9296,1.7622,963.28,-0.19782,0.20034,0.17138,0.017754,,,-79,399.69,10.75,0.093025,351.37,388.55,1.8512,0.66364,0.93424,1.40775119,219.81,29.006,0.01071,0.010938
-78,409.53,1146.4,0.00087227,47.27,47.628,0.23911,0.92916,1.7637,959.75,-0.19593,0.19877,0.17072,0.017633,,,-78,409.53,11,0.090913,351.57,388.8,1.8481,0.66537,0.93755,1.409065633,219.89,28.786,0.010743,0.010984
-77,419.55,1144.6,0.00087364,48.245,48.611,0.2437,0.92873,1.7652,956.22,-0.19402,0.19722,0.17006,0.017512,,,-77,419.55,11.254,0.088859,351.77,389.05,1.8451,0.66711,0.94089,1.410397086,219.97,28.568,0.010776,0.011031
-76,429.75,1142.8,0.00087502,49.22,49.596,0.24829,0.92831,1.7667,952.69,-0.19209,0.19569,0.1694,0.017392,,,-76,429.75,11.512,0.086863,351.97,389.3,1.842,0.66885,0.94425,1.411751514,220.05,28.353,0.010809,0.011078
-75,440.14,1141,0.0008764,50.196,50.581,0.25286,0.92789,1.7683,949.16,-0.19013,0.19417,0.16874,0.017271,,,-75,440.14,11.776,0.084921,352.17,389.55,1.839,0.6706,0.94765,1.413137489,220.13,28.14,0.010842,0.011125
-74,450.72,1139.2,0.00087779,51.172,51.568,0.25743,0.92747,1.7699,945.63,-0.18814,0.19267,0.16808,0.01715,,,-74,450.72,12.044,0.083032,352.37,389.8,1.836,0.67234,0.95107,1.414567035,220.21,27.929,0.010875,0.011173
-73,461.5,1137.4,0.00087919,52.149,52.555,0.26198,0.92706,1.7716,942.1,-0.18612,0.19119,0.16743,0.01703,,,-73,461.5,12.316,0.081195,352.57,390.04,1.833,0.6741,0.95452,1.415991693,220.28,27.721,0.010908,0.01122
-72,472.46,1135.6,0.0008806,53.127,53.543,0.26653,0.92666,1.7732,938.57,-0.18408,0.18973,0.16677,0.01691,,,-72,472.46,12.593,0.079407,352.77,390.28,1.8301,0.67585,0.95801,1.417489088,220.35,27.515,0.010942,0.011268
-71,483.62,1133.8,0.00088201,54.106,54.532,0.27108,0.92626,1.7749,935.04,-0.18201,0.18829,0.16611,0.01679,,,-71,483.62,12.875,0.077667,352.96,390.52,1.8271,0.67761,0.96152,1.418987323,220.41,27.312,0.010975,0.011316
-70,494.98,1131.9,0.00088344,55.085,55.523,0.27561,0.92586,1.7766,931.51,-0.17991,0.18686,0.16546,0.01667,,,-70,494.98,13.162,0.075974,353.16,390.76,1.8242,0.67937,0.96506,1.420521954,220.48,27.11,0.011009,0.011364
-69,506.53,1130.1,0.00088487,56.066,56.514,0.28013,0.92548,1.7784,927.98,-0.17778,0.18544,0.1648,0.01655,,,-69,506.53,13.454,0.074326,353.35,391,1.8213,0.68113,0.96864,1.42210738,220.54,26.912,0.011042,0.011413
-68,518.29,1128.3,0.00088631,57.047,57.506,0.28465,0.92509,1.7802,924.45,-0.17562,0.18405,0.16415,0.01643,,,-68,518.29,13.751,0.072722,353.54,391.23,1.8183,0.6829,0.97224,1.423693074,220.6,26.715,0.011076,0.011462
-67,530.26,1126.4,0.00088776,58.028,58.499,0.28916,0.92471,1.782,920.92,-0.17343,0.18266,0.16349,0.016311,,,-67,530.26,14.053,0.071159,353.73,391.46,1.8155,0.68467,0.97588,1.425328991,220.66,26.52,0.01111,0.011511
-66,542.43,1124.6,0.00088921,59.011,59.493,0.29366,0.92434,1.7838,917.39,-0.17121,0.1813,0.16284,0.016192,,,-66,542.43,14.36,0.069638,353.92,391.69,1.8126,0.68644,0.97955,1.427000175,220.71,26.328,0.011144,0.01156
-65,554.81,1122.7,0.00089068,59.995,60.489,0.29816,0.92397,1.7857,913.86,-0.16896,0.17995,0.16218,0.016072,,,-65,554.81,14.672,0.068156,354.1,391.92,1.8097,0.68822,0.98325,1.428685595,220.76,26.138,0.011178,0.01161
-64,567.4,1120.9,0.00089215,60.979,61.485,0.30265,0.9236,1.7876,910.33,-0.16668,0.17861,0.16153,0.015953,,,-64,567.4,14.99,0.066713,354.29,392.14,1.8069,0.69,0.98698,1.430405797,220.81,25.95,0.011212,0.011659
-63,580.2,1119,0.00089363,61.964,62.483,0.30713,0.92324,1.7896,906.79,-0.16436,0.17729,0.16088,0.015835,,,-63,580.2,15.312,0.065307,354.47,392.36,1.804,0.69178,0.99075,1.432174969,220.85,25.764,0.011246,0.011709
-62,593.22,1117.2,0.00089512,62.95,63.481,0.3116,0.92289,1.7915,903.26,-0.16202,0.17598,0.16023,0.015716,,,-62,593.22,15.64,0.063937,354.65,392.58,1.8012,0.69357,0.99455,1.433957639,220.9,25.58,0.01128,0.01176
-61,606.45,1115.3,0.00089663,63.937,64.481,0.31606,0.92253,1.7935,899.73,-0.15964,0.17469,0.15958,0.015597,,,-61,606.45,15.974,0.062602,354.83,392.8,1.7984,0.69535,0.99839,1.435809305,220.94,25.399,0.011314,0.01181
-60,619.91,1113.4,0.00089814,64.925,65.482,0.32052,0.92219,1.7956,896.2,-0.15723,0.17341,0.15893,0.015479,,,-60,619.91,16.313,0.061301,355.01,393.01,1.7956,0.69714,1.0023,1.437731302,220.97,25.219,0.011349,0.011861
-59,633.59,1111.5,0.00089965,65.914,66.484,0.32497,0.92185,1.7977,892.66,-0.15478,0.17214,0.15828,0.015361,,,-59,633.59,16.658,0.060033,355.19,393.23,1.7929,0.69894,1.0062,1.43960855,221.01,25.041,0.011383,0.011912
-58,647.49,1109.7,0.00090118,66.903,67.487,0.32942,0.92151,1.7998,889.13,-0.1523,0.17089,0.15763,0.015242,,,-58,647.49,17.008,0.058797,355.37,393.44,1.7901,0.70073,1.0101,1.441496725,221.04,24.866,0.011418,0.011964
-57,661.62,1107.8,0.00090272,67.894,68.491,0.33386,0.92118,1.8019,885.59,-0.14979,0.16965,0.15698,0.015124,,,-57,661.62,17.364,0.057591,355.54,393.64,1.7873,0.70253,1.0141,1.443497075,221.07,24.692,0.011453,0.012016
-56,675.98,1105.9,0.00090427,68.885,69.496,0.33829,0.92085,1.8041,882.05,-0.14724,0.16842,0.15633,0.015007,,,-56,675.98,17.725,0.056416,355.71,393.85,1.7846,0.70433,1.0181,1.445487201,221.1,24.521,0.011487,0.012068
-55,690.57,1104,0.00090582,69.878,70.503,0.34271,0.92053,1.8063,878.52,-0.14466,0.16721,0.15568,0.014889,,,-55,690.57,18.093,0.05527,355.89,394.05,1.7819,0.70613,1.0222,1.447608797,221.12,24.351,0.011522,0.01212
-54,705.4,1102.1,0.00090739,70.871,71.511,0.34713,0.92021,1.8085,874.98,-0.14203,0.166,0.15503,0.014771,,,-54,705.4,18.467,0.054152,356.06,394.25,1.7792,0.70794,1.0263,1.449699127,221.14,24.183,0.011557,0.012173
-53,720.46,1100.1,0.00090897,71.865,72.52,0.35154,0.9199,1.8108,871.44,-0.13937,0.16481,0.15438,0.014654,,,-53,720.46,18.846,0.053061,356.22,394.45,1.7765,0.70975,1.0304,1.451778795,221.16,24.018,0.011593,0.012226
-52,735.76,1098.2,0.00091056,72.861,73.531,0.35595,0.91959,1.8132,867.9,-0.13668,0.16364,0.15374,0.014537,,,-52,735.76,19.232,0.051997,356.39,394.65,1.7738,0.71156,1.0346,1.45398842,221.17,23.854,0.011628,0.012279
-51,751.3,1096.3,0.00091215,73.857,74.543,0.36035,0.91928,1.8155,864.36,-0.13394,0.16247,0.15309,0.01442,,,-51,751.3,19.624,0.050959,356.56,394.84,1.7711,0.71337,1.0388,1.456186832,221.18,23.691,0.011663,0.012333
-50,767.08,1094.4,0.00091376,74.855,75.556,0.36474,0.91898,1.8179,860.81,-0.13117,0.16132,0.15245,0.014303,,,-50,767.08,20.022,0.049946,356.72,395.03,1.7684,0.71518,1.043,1.458374116,221.19,23.531,0.011699,0.012387
-49,783.11,1092.4,0.00091538,75.853,76.57,0.36913,0.91869,1.8204,857.27,-0.12835,0.16017,0.1518,0.014186,,,-49,783.11,20.426,0.048957,356.88,395.22,1.7658,0.717,1.0473,1.460669456,221.2,23.373,0.011734,0.012441
-48,799.38,1090.5,0.00091701,76.853,77.586,0.37351,0.91839,1.8228,853.73,-0.1255,0.15904,0.15116,0.01407,,,-48,799.38,20.837,0.047992,357.04,395.4,1.7631,0.71882,1.0517,1.46309229,221.2,23.216,0.01177,0.012495
-47,815.91,1088.6,0.00091865,77.853,78.603,0.37789,0.91811,1.8254,850.18,-0.1226,0.15792,0.15051,0.013953,,,-47,815.91,21.254,0.04705,357.2,395.59,1.7605,0.72064,1.0561,1.465502886,221.2,23.061,0.011805,0.01255
-46,832.69,1086.6,0.0009203,78.855,79.622,0.38226,0.91783,1.8279,846.63,-0.11967,0.15681,0.14987,0.013837,,,-46,832.69,21.678,0.04613,357.35,395.77,1.7579,0.72247,1.0605,1.467881019,221.2,22.908,0.011841,0.012606
-45,849.72,1084.6,0.00092196,79.858,80.641,0.38662,0.91755,1.8305,843.08,-0.11669,0.15571,0.14922,0.013721,,,-45,849.72,22.108,0.045232,357.51,395.94,1.7553,0.72429,1.065,1.470405501,221.2,22.757,0.011877,0.012661
-44,867.01,1082.7,0.00092363,80.862,81.663,0.39098,0.91727,1.8332,839.53,-0.11366,0.15462,0.14858,0.013605,,,-44,867.01,22.546,0.044354,357.66,396.12,1.7527,0.72612,1.0695,1.472897042,221.19,22.607,0.011913,0.012717
-43,884.56,1080.7,0.00092532,81.867,82.686,0.39533,0.91701,1.8358,835.98,-0.1106,0.15354,0.14794,0.01349,,,-43,884.56,22.99,0.043498,357.81,396.29,1.7501,0.72796,1.0741,1.475493159,221.18,22.459,0.01195,0.012774
-42,902.37,1078.7,0.00092701,82.873,83.71,0.39968,0.91674,1.8386,832.43,-0.10749,0.15247,0.1473,0.013374,,,-42,902.37,23.441,0.042661,357.96,396.46,1.7475,0.72979,1.0787,1.478096439,221.16,22.313,0.011986,0.012831
-41,920.44,1076.7,0.00092872,83.881,84.735,0.40402,0.91648,1.8413,828.88,-0.10433,0.15141,0.14666,0.013259,,,-41,920.44,23.899,0.041844,358.11,396.62,1.7449,0.73163,1.0834,1.480803138,221.15,22.168,0.012023,0.012888
-40,938.78,1074.8,0.00093044,84.889,85.763,0.40836,0.91623,1.8442,825.32,-0.10113,0.15036,0.14602,0.013144,,,-40,938.78,24.364,0.041045,358.26,396.79,1.7424,0.73347,1.0881,1.483496258,221.13,22.025,0.012059,0.012945
-39,957.39,1072.8,0.00093217,85.899,86.791,0.4127,0.91598,1.847,821.76,-0.097875,0.14932,0.14538,0.013029,,,-39,957.39,24.836,0.040265,358.4,396.95,1.7398,0.73531,1.0929,1.486311896,221.1,21.883,0.012096,0.013003
-38,976.27,1070.8,0.00093392,86.91,87.822,0.41702,0.91573,1.8499,818.2,-0.094576,0.14829,0.14474,0.012914,,,-38,976.27,25.315,0.039502,358.54,397.11,1.7373,0.73715,1.0977,1.489113478,221.08,21.743,0.012133,0.013062
-37,995.43,1068.8,0.00093567,87.922,88.854,0.42135,0.91549,1.8529,814.64,-0.091229,0.14727,0.1441,0.012799,,,-37,995.43,25.802,0.038757,358.68,397.26,1.7347,0.739,1.1026,1.492016238,221.05,21.605,0.01217,0.013121
-36,1014.9,1066.7,0.00093744,88.936,89.887,0.42566,0.91525,1.8559,811.08,-0.087831,0.14626,0.14346,0.012684,,,-36,1014.9,26.296,0.038028,358.82,397.41,1.7322,0.74085,1.1075,1.494904502,221.02,21.468,0.012207,0.01318
-35,1034.6,1064.7,0.00093922,89.95,90.922,0.42998,0.91501,1.859,807.51,-0.084383,0.14526,0.14282,0.01257,,,-35,1034.6,26.798,0.037316,358.95,397.56,1.7297,0.7427,1.1125,1.49791302,220.98,21.333,0.012244,0.01324
-34,1054.6,1062.7,0.00094102,90.966,91.959,0.43429,0.91479,1.8621,803.94,-0.080883,0.14426,0.14218,0.012456,,,-34,1054.6,27.308,0.03662,359.09,397.71,1.7272,0.74455,1.1176,1.501040897,220.95,21.199,0.012282,0.0133
-33,1074.8,1060.6,0.00094282,91.984,92.997,0.43859,0.91456,1.8652,800.38,-0.07733,0.14328,0.14155,0.012342,,,-33,1074.8,27.825,0.035939,359.22,397.85,1.7247,0.74641,1.1227,1.504133117,220.91,21.067,0.012319,0.01336
-32,1095.4,1058.6,0.00094464,93.002,94.037,0.44289,0.91434,1.8684,796.8,-0.073724,0.1423,0.14091,0.012228,,,-32,1095.4,28.35,0.035273,359.35,397.99,1.7222,0.74827,1.1279,1.507343606,220.86,20.936,0.012357,0.013421
-31,1116.2,1056.5,0.00094648,94.022,95.079,0.44719,0.91412,1.8717,793.23,-0.070063,0.14133,0.14027,0.012115,,,-31,1116.2,28.883,0.034622,359.48,398.12,1.7197,0.75013,1.1331,1.510538173,220.82,20.807,0.012395,0.013483
-30,1137.4,1054.5,0.00094833,95.044,96.122,0.45148,0.91391,1.875,789.65,-0.066346,0.14037,0.13964,0.012001,,,-30,1137.4,29.424,0.033986,359.6,398.26,1.7172,0.752,1.1384,1.513829787,220.77,20.679,0.012433,0.013545
-29,1158.8,1052.4,0.00095019,96.066,97.168,0.45577,0.91371,1.8784,786.08,-0.062572,0.13942,0.139,0.011888,,,-29,1158.8,29.973,0.033363,359.72,398.39,1.7147,0.75387,1.1438,1.51723772,220.71,20.553,0.012471,0.013607
-28,1180.5,1050.4,0.00095206,97.091,98.215,0.46006,0.9135,1.8818,782.49,-0.05874,0.13847,0.13837,0.011775,,,-28,1180.5,30.531,0.032754,359.85,398.51,1.7123,0.75574,1.1492,1.520628788,220.66,20.428,0.012509,0.01367
-27,1202.6,1048.3,0.00095395,98.116,99.263,0.46434,0.91331,1.8853,778.91,-0.054849,0.13754,0.13773,0.011662,,,-27,1202.6,31.097,0.032157,359.96,398.64,1.7098,0.75761,1.1547,1.524135109,220.6,20.304,0.012547,0.013734
-26,1224.9,1046.2,0.00095586,99.143,100.31,0.46861,0.91311,1.8889,775.32,-0.050897,0.13661,0.1371,0.011549,,,-26,1224.9,31.672,0.031574,360.08,398.76,1.7073,0.75949,1.1603,1.527735717,220.53,20.182,0.012586,0.013798
-25,1247.5,1044.1,0.00095778,100.17,101.37,0.47289,0.91292,1.8925,771.74,-0.046884,0.13568,0.13647,0.011437,,,-25,1247.5,32.255,0.031003,360.2,398.87,1.7049,0.76137,1.1659,1.531318544,220.47,20.061,0.012625,0.013862
-24,1270.4,1042,0.00095971,101.2,102.42,0.47716,0.91274,1.8961,768.14,-0.042808,0.13477,0.13583,0.011324,,,-24,1270.4,32.847,0.030445,360.31,398.99,1.7024,0.76325,1.1717,1.535145758,220.4,19.941,0.012664,0.013927
-23,1293.7,1039.9,0.00096166,102.23,103.48,0.48142,0.91256,1.8999,764.55,-0.038668,0.13386,0.1352,0.011212,,,-23,1293.7,33.447,0.029898,360.42,399.1,1.7,0.76514,1.1775,1.538934051,220.33,19.823,0.012703,0.013993
-22,1317.2,1037.7,0.00096362,103.27,104.54,0.48569,0.91238,1.9036,760.95,-0.034462,0.13296,0.13457,0.0111,,,-22,1317.2,34.057,0.029362,360.52,399.2,1.6976,0.76703,1.1833,1.542703675,220.25,19.706,0.012742,0.014059
-21,1341.1,1035.6,0.0009656,104.3,105.6,0.48995,0.91221,1.9075,757.35,-0.03019,0.13207,0.13394,0.010988,,,-21,1341.1,34.676,0.028838,360.63,399.3,1.6951,0.76892,1.1893,1.546714873,220.18,19.59,0.012781,0.014126
-20,1365.3,1033.5,0.0009676,105.34,106.66,0.49421,0.91204,1.9114,753.75,-0.025849,0.13118,0.13331,0.010877,,,-20,1365.3,35.304,0.028325,360.73,399.4,1.6927,0.77082,1.1953,1.550686282,220.09,19.475,0.012821,0.014193
-19,1389.8,1031.3,0.00096961,106.37,107.72,0.49846,0.91188,1.9154,750.14,-0.021439,0.1303,0.13268,0.010765,,,-19,1389.8,35.942,0.027823,360.83,399.5,1.6903,0.77272,1.2014,1.554767574,220.01,19.362,0.012861,0.014261
-18,1414.6,1029.2,0.00097164,107.41,108.79,0.50271,0.91172,1.9195,746.53,-0.016958,0.12943,0.13205,0.010654,,,-18,1414.6,36.589,0.027331,360.93,399.59,1.6879,0.77463,1.2076,1.558937815,219.92,19.25,0.0129,0.014329
-17,1439.7,1027,0.00097369,108.45,109.86,0.50696,0.91157,1.9236,742.92,-0.012403,0.12857,0.13142,0.010543,,,-17,1439.7,37.245,0.026849,361.02,399.68,1.6855,0.77653,1.2139,1.563236449,219.83,19.139,0.012941,0.014399
-16,1465.2,1024.9,0.00097575,109.5,110.93,0.51121,0.91142,1.9278,739.3,-0.007775,0.12771,0.13079,0.010432,,,-16,1465.2,37.912,0.026377,361.12,399.76,1.683,0.77845,1.2203,1.567602287,219.74,19.029,0.012981,0.014468
-15,1491,1022.7,0.00097783,110.54,112,0.51545,0.91128,1.9321,735.68,-0.0030707,0.12685,0.13016,0.010322,,,-15,1491,38.588,0.025915,361.21,399.85,1.6806,0.78036,1.2268,1.572094931,219.64,18.92,0.013021,0.014539
-14,1517.1,1020.5,0.00097993,111.59,113.07,0.51969,0.91114,1.9365,732.05,0.0017112,0.126,0.12954,0.010211,,,-14,1517.1,39.275,0.025462,361.29,399.92,1.6782,0.78228,1.2333,1.576545482,219.54,18.813,0.013062,0.01461
-13,1543.6,1018.3,0.00098204,112.63,114.15,0.52393,0.91101,1.9409,728.43,0.0065723,0.12516,0.12891,0.010101,,,-13,1543.6,39.971,0.025018,361.38,400,1.6758,0.7842,1.24,1.581229278,219.44,18.707,0.013103,0.014682
-12,1570.4,1016.1,0.00098418,113.68,115.23,0.52817,0.91088,1.9454,724.79,0.011515,0.12433,0.12828,0.0099912,,,-12,1570.4,40.678,0.024583,361.46,400.06,1.6734,0.78613,1.2468,1.585997227,219.33,18.602,0.013144,0.014754
-11,1597.5,1013.9,0.00098633,114.73,116.31,0.53241,0.91075,1.95,721.16,0.01654,0.1235,0.12766,0.0098814,,,-11,1597.5,41.396,0.024157,361.54,400.13,1.671,0.78807,1.2536,1.590721636,219.22,18.497,0.013185,0.014828
-10,1625,1011.6,0.0009885,115.79,117.39,0.53664,0.91064,1.9547,717.52,0.02165,0.12267,0.12703,0.0097718,,,-10,1625,42.124,0.023739,361.62,400.19,1.6687,0.79,1.2606,1.595696203,219.1,18.394,0.013227,0.014902
-9,1652.8,1009.4,0.00099069,116.84,118.48,0.54087,0.91052,1.9595,713.87,0.026847,0.12186,0.12641,0.0096624,,,-9,1652.8,42.863,0.02333,361.69,400.25,1.6663,0.79195,1.2677,1.600732369,218.99,18.293,0.013268,0.014976
-8,1681,1007.2,0.0009929,117.9,119.57,0.5451,0.91041,1.9643,710.22,0.032132,0.12104,0.12578,0.0095533,,,-8,1681,43.613,0.022929,361.76,400.3,1.6639,0.79389,1.2749,1.605889985,218.87,18.192,0.01331,0.015052
-7,1709.5,1004.9,0.00099512,118.96,120.66,0.54933,0.91031,1.9693,706.57,0.037508,0.12023,0.12516,0.0094443,,,-7,1709.5,44.375,0.022535,361.83,400.35,1.6615,0.79584,1.2822,1.611127865,218.74,18.092,0.013353,0.015128
-6,1738.3,1002.6,0.00099737,120.02,121.75,0.55356,0.91021,1.9743,702.91,0.042978,0.11943,0.12454,0.0093356,,,-6,1738.3,45.147,0.02215,361.89,400.4,1.6591,0.7978,1.2896,1.616445224,218.62,17.993,0.013395,0.015205
-5,1767.5,1000.4,0.00099964,121.08,122.85,0.55779,0.91011,1.9794,699.24,0.048543,0.11864,0.12391,0.0092271,,,-5,1767.5,45.931,0.021772,361.95,400.44,1.6567,0.79976,1.2972,1.621986596,218.48,17.895,0.013437,0.015283
-4,1797.1,998.07,0.0010019,122.15,123.95,0.56201,0.91002,1.9847,695.57,0.054205,0.11784,0.12329,0.0091187,,,-4,1797.1,46.727,0.021401,362.01,400.47,1.6544,0.80173,1.3049,1.627605304,218.35,17.798,0.01348,0.015362
-3,1827,995.78,0.0010042,123.21,125.05,0.56624,0.90994,1.99,691.9,0.059967,0.11706,0.12267,0.0090107,,,-3,1827,47.535,0.021037,362.07,400.5,1.652,0.8037,1.3127,1.633320891,218.21,17.703,0.013523,0.015442
-2,1857.3,993.47,0.0010066,124.28,126.15,0.57046,0.90986,1.9954,688.22,0.065831,0.11628,0.12205,0.0089028,,,-2,1857.3,48.355,0.02068,362.12,400.53,1.6496,0.80568,1.3206,1.639112303,218.07,17.608,0.013567,0.015523
-1,1888,991.15,0.0010089,125.35,127.26,0.57468,0.90979,2.001,684.54,0.071801,0.1155,0.12143,0.0087951,,,-1,1888,49.187,0.020331,362.17,400.55,1.6472,0.80767,1.3287,1.645102579,217.93,17.514,0.01361,0.015604
0,1919,988.82,0.0010113,126.42,128.36,0.57891,0.90972,2.0066,680.85,0.077878,0.11473,0.12081,0.0086877,,,0,1919,50.031,0.019987,362.22,400.57,1.6448,0.80966,1.337,1.651310427,217.78,17.421,0.013654,0.015687
1,1950.4,986.48,0.0010137,127.5,129.48,0.58313,0.90966,2.0124,677.15,0.084065,0.11396,0.12019,0.0085805,,,1,1950.4,50.889,0.019651,362.26,400.59,1.6425,0.81165,1.3453,1.657487833,217.63,17.328,0.013698,0.01577
2,1982.2,984.13,0.0010161,128.58,130.59,0.58735,0.9096,2.0183,673.45,0.090365,0.1132,0.11957,0.0084735,,,2,1982.2,51.759,0.01932,362.3,400.6,1.6401,0.81366,1.3539,1.663962835,217.47,17.237,0.013743,0.015854
3,2014.3,981.76,0.0010186,129.65,131.71,0.59157,0.90955,2.0243,669.74,0.096781,0.11244,0.11896,0.0083668,,,3,2014.3,52.642,0.018996,362.34,400.6,1.6377,0.81567,1.3626,1.670528523,217.31,17.147,0.013787,0.01594
4,2046.8,979.39,0.001021,130.74,132.83,0.5958,0.90951,2.0304,666.02,0.10332,0.11168,0.11834,0.0082602,,,4,2046.8,53.538,0.018678,362.37,400.6,1.6353,0.81768,1.3714,1.677184229,217.15,17.057,0.013832,0.016026
5,2079.7,977,0.0010235,131.82,133.95,0.60002,0.90947,2.0367,662.3,0.10997,0.11093,0.11772,0.0081539,,,5,2079.7,54.448,0.018366,362.4,400.59,1.6329,0.81971,1.3804,1.684010199,216.99,16.969,0.013877,0.016114
6,2113,974.6,0.0010261,132.91,135.07,0.60424,0.90944,2.043,658.58,0.11676,0.11019,0.11711,0.0080479,,,6,2113,55.372,0.01806,362.42,400.58,1.6305,0.82174,1.3896,1.69104583,216.82,16.881,0.013923,0.016203
7,2146.7,972.19,0.0010286,133.99,136.2,0.60847,0.90941,2.0496,654.84,0.12367,0.10945,0.11649,0.0079421,,,7,2146.7,56.31,0.017759,362.44,400.57,1.6281,0.82378,1.399,1.698268955,216.64,16.794,0.013968,0.016293
8,2180.7,969.76,0.0010312,135.09,137.33,0.61269,0.90939,2.0562,651.1,0.13071,0.10871,0.11588,0.0078365,,,8,2180.7,57.262,0.017464,362.46,400.55,1.6258,0.82582,1.4086,1.705698578,216.47,16.708,0.014014,0.016384
9,2215.2,967.33,0.0010338,136.18,138.47,0.61692,0.90937,2.063,647.35,0.13789,0.10797,0.11526,0.0077311,,,9,2215.2,58.229,0.017174,362.48,400.52,1.6234,0.82788,1.4183,1.713170991,216.29,16.622,0.014061,0.016476
10,2250,964.87,0.0010364,137.28,139.61,0.62114,0.90937,2.0699,643.59,0.14521,0.10724,0.11465,0.007626,,,10,2250,59.21,0.016889,362.49,400.49,1.621,0.82994,1.4283,1.720967781,216.1,16.538,0.014108,0.016569
11,2285.2,962.41,0.0010391,138.37,140.75,0.62537,0.90936,2.077,639.83,0.15267,0.10652,0.11404,0.0075212,,,11,2285.2,60.206,0.01661,362.49,400.45,1.6186,0.83201,1.4384,1.728825375,215.92,16.454,0.014155,0.016664
12,2320.9,959.93,0.0010417,139.47,141.89,0.6296,0.90937,2.0843,636.06,0.16028,0.10579,0.11342,0.0074166,,,12,2320.9,61.218,0.016335,362.5,400.41,1.6162,0.83409,1.4488,1.73698282,215.73,16.371,0.014202,0.01676
13,2356.9,957.44,0.0010445,140.58,143.04,0.63383,0.90938,2.0917,632.28,0.16804,0.10507,0.11281,0.0073122,,,13,2356.9,62.245,0.016065,362.5,400.36,1.6138,0.83617,1.4594,1.745338866,215.53,16.288,0.01425,0.016857
14,2393.4,954.93,0.0010472,141.68,144.19,0.63807,0.9094,2.0993,628.49,0.17596,0.10436,0.1122,0.0072081,,,14,2393.4,63.288,0.015801,362.49,400.31,1.6113,0.83827,1.4702,1.753850191,215.33,16.207,0.014298,0.016956
15,2430.2,952.41,0.00105,142.79,145.35,0.6423,0.90943,2.107,624.69,0.18404,0.10365,0.11159,0.0071043,,,15,2430.2,64.348,0.015541,362.48,400.25,1.6089,0.84038,1.4812,1.762535996,215.13,16.126,0.014346,0.017056
16,2467.5,949.88,0.0010528,143.91,146.5,0.64654,0.90946,2.115,620.88,0.19228,0.10294,0.11098,0.0070007,,,16,2467.5,65.423,0.015285,362.47,400.18,1.6065,0.8425,1.4925,1.771513353,214.92,16.045,0.014395,0.017158
17,2505.2,947.33,0.0010556,145.02,147.66,0.65078,0.9095,2.1231,617.07,0.2007,0.10223,0.11037,0.0068974,,,17,2505.2,66.516,0.015034,362.45,400.11,1.6041,0.84462,1.5041,1.780800834,214.71,15.966,0.014444,0.017261
18,2543.3,944.76,0.0010585,146.14,148.83,0.65503,0.90955,2.1314,613.24,0.20929,0.10153,0.10977,0.0067943,,,18,2543.3,67.626,0.014787,362.43,400.03,1.6016,0.84676,1.5159,1.790235722,214.5,15.887,0.014494,0.017366
19,2581.8,942.18,0.0010614,147.26,150,0.65927,0.90961,2.1399,609.41,0.21806,0.10083,0.10916,0.0066915,,,19,2581.8,68.753,0.014545,362.4,399.95,1.5992,0.84891,1.528,1.799955237,214.28,15.808,0.014544,0.017473
20,2620.7,939.59,0.0010643,148.38,151.17,0.66352,0.90967,2.1487,605.56,0.22701,0.10013,0.10855,0.0065889,,,20,2620.7,69.898,0.014307,362.37,399.86,1.5967,0.85107,1.5404,1.809956878,214.06,15.73,0.014594,0.017581
21,2660.1,936.98,0.0010673,149.51,152.35,0.66777,0.90975,2.1576,601.71,0.23616,0.099437,0.10795,0.0064867,,,21,2660.1,71.061,0.014072,362.33,399.77,1.5943,0.85324,1.5531,1.820238151,213.83,15.653,0.014645,0.017691
22,2699.9,934.35,0.0010703,150.64,153.53,0.67203,0.90983,2.1668,597.84,0.24551,0.098746,0.10734,0.0063847,,,22,2699.9,72.243,0.013842,362.29,399.66,1.5918,0.85542,1.5661,1.830796568,213.6,15.577,0.014696,0.017802
23,2740.1,931.7,0.0010733,151.77,154.71,0.67629,0.90992,2.1761,593.97,0.25506,0.098057,0.10674,0.0062829,,,23,2740.1,73.443,0.013616,362.24,399.55,1.5894,0.85761,1.5794,1.841629645,213.37,15.501,0.014748,0.017916
24,2780.8,929.04,0.0010764,152.91,155.9,0.68056,0.91002,2.1858,590.08,0.26482,0.097371,0.10613,0.0061815,,,24,2780.8,74.663,0.013393,362.19,399.44,1.5869,0.85982,1.593,1.852713359,213.13,15.425,0.0148,0.018031
25,2821.9,926.36,0.0010795,154.05,157.09,0.68483,0.91013,2.1957,586.18,0.27481,0.096687,0.10553,0.0060803,,,25,2821.9,75.903,0.013175,362.14,399.31,1.5844,0.86204,1.607,1.864182637,212.89,15.35,0.014852,0.018149
26,2863.4,923.66,0.0010827,155.19,158.29,0.6891,0.91024,2.2058,582.27,0.28501,0.096006,0.10493,0.0059794,,,26,2863.4,77.163,0.01296,362.08,399.18,1.5819,0.86427,1.6213,1.875918405,212.65,15.276,0.014905,0.018268
27,2905.4,920.94,0.0010858,156.34,159.49,0.69338,0.91037,2.2162,578.34,0.29545,0.095327,0.10433,0.0058789,,,27,2905.4,78.443,0.012748,362.01,399.05,1.5794,0.86652,1.6361,1.888127222,212.4,15.202,0.014959,0.01839
28,2947.8,918.21,0.0010891,157.49,160.7,0.69767,0.91051,2.2269,574.4,0.30613,0.09465,0.10373,0.0057786,,,28,2947.8,79.744,0.01254,361.94,398.9,1.5769,0.86878,1.6512,1.900596238,212.14,15.128,0.015013,0.018513
29,2990.7,915.45,0.0010924,158.64,161.91,0.70196,0.91066,2.2379,570.45,0.31706,0.093976,0.10313,0.0056785,,,29,2990.7,81.067,0.012335,361.86,398.75,1.5744,0.87105,1.6667,1.913437805,211.88,15.055,0.015067,0.018639
30,3034,912.68,0.0010957,159.8,163.12,0.70625,0.91082,2.2492,566.49,0.32824,0.093303,0.10253,0.0055788,,,30,3034,82.413,0.012134,361.78,398.59,1.5718,0.87334,1.6827,1.926741017,211.62,14.983,0.015122,0.018768
31,3077.8,909.88,0.001099,160.96,164.34,0.71056,0.91099,2.2608,562.51,0.3397,0.092633,0.10193,0.0054794,,,31,3077.8,83.78,0.011936,361.69,398.42,1.5693,0.87565,1.6991,1.940387141,211.36,14.911,0.015178,0.018899
32,3122.1,907.07,0.0011025,162.13,165.57,0.71487,0.91117,2.2727,558.52,0.35143,0.091964,0.10133,0.0053803,,,32,3122.1,85.171,0.011741,361.59,398.25,1.5667,0.87797,1.716,1.954508696,211.08,14.839,0.015234,0.019032
33,3166.8,904.23,0.0011059,163.3,166.8,0.71918,0.91136,2.285,554.51,0.36344,0.091297,0.10073,0.0052815,,,33,3166.8,86.585,0.011549,361.49,398.06,1.5641,0.88031,1.7334,1.969079074,210.81,14.768,0.015291,0.019168
34,3212,901.37,0.0011094,164.47,168.03,0.72351,0.91157,2.2977,550.49,0.37576,0.090632,0.10014,0.005183,,,34,3212,88.023,0.011361,361.38,397.87,1.5615,0.88266,1.7513,1.984116194,210.53,14.697,0.015349,0.019307
35,3257.6,898.49,0.001113,165.65,169.27,0.72784,0.91178,2.3107,546.45,0.38838,0.089968,0.099543,0.0050849,,,35,3257.6,89.487,0.011175,361.27,397.67,1.5589,0.88504,1.7697,1.999570641,210.25,14.626,0.015407,0.019448
36,3303.8,895.59,0.0011166,166.83,170.52,0.73218,0.91202,2.3242,542.39,0.40132,0.089306,0.098948,0.004987,,,36,3303.8,90.975,0.010992,361.15,397.46,1.5563,0.88743,1.7887,2.015595596,209.96,14.556,0.015465,0.019593
37,3350.4,892.66,0.0011202,168.02,171.77,0.73652,0.91226,2.338,538.32,0.41459,0.088645,0.098355,0.0048895,,,37,3350.4,92.49,0.010812,361.02,397.25,1.5537,0.88984,1.8083,2.032163085,209.67,14.486,0.015525,0.019741
38,3397.4,889.71,0.001124,169.21,173.03,0.74088,0.91252,2.3523,534.23,0.4282,0.087985,0.097762,0.0047923,,,38,3397.4,94.032,0.010635,360.89,397.02,1.551,0.89227,1.8286,2.049379672,209.37,14.416,0.015585,0.019892
39,3445,886.74,0.0011277,170.4,174.29,0.74525,0.91279,2.3671,530.13,0.44218,0.087327,0.097171,0.0046954,,,39,3445,95.601,0.01046,360.75,396.78,1.5484,0.89472,1.8494,2.067015379,209.07,14.347,0.015646,0.020046
40,3493.1,883.74,0.0011316,171.6,175.56,0.74963,0.91308,2.3823,526,0.45652,0.08667,0.09658,0.0045989,,,40,3493.1,97.198,0.010288,360.6,396.54,1.5457,0.8972,1.871,2.085376728,208.76,14.278,0.015707,0.020204
41,3541.6,880.71,0.0011354,172.81,176.83,0.75401,0.91339,2.398,521.85,0.47126,0.086013,0.09599,0.0045027,,,41,3541.6,98.824,0.010119,360.44,396.28,1.543,0.89969,1.8933,2.104391513,208.45,14.209,0.015769,0.020365
42,3590.6,877.66,0.0011394,174.02,178.11,0.75841,0.91371,2.4143,517.69,0.4864,0.085358,0.095401,0.0044069,,,42,3590.6,100.48,0.0099523,360.28,396.01,1.5403,0.90221,1.9164,2.124117445,208.14,14.14,0.015832,0.02053
43,3640.2,874.58,0.0011434,175.23,179.4,0.76282,0.91405,2.4312,513.5,0.50196,0.084703,0.094813,0.0043114,,,43,3640.2,102.17,0.009788,360.11,395.74,1.5375,0.90475,1.9403,2.144570323,207.82,14.072,0.015896,0.020699
44,3690.2,871.47,0.0011475,176.45,180.69,0.76724,0.9144,2.4486,509.29,0.51795,0.084049,0.094226,0.0042163,,,44,3690.2,103.88,0.0096261,359.93,395.45,1.5348,0.90731,1.9651,2.165852906,207.5,14.003,0.015961,0.020873
45,3740.8,868.33,0.0011516,177.68,181.99,0.77167,0.91478,2.4667,505.06,0.53441,0.083395,0.09364,0.0041215,,,45,3740.8,105.63,0.0094666,359.74,395.15,1.532,0.9099,1.9907,2.187822838,207.17,13.935,0.016027,0.02105
46,3791.8,865.16,0.0011559,178.91,183.3,0.77612,0.91517,2.4854,500.81,0.55134,0.082742,0.093055,0.0040271,,,46,3791.8,107.42,0.0093094,359.55,394.85,1.5292,0.91252,2.0173,2.210691273,206.83,13.867,0.016093,0.021233
47,3843.4,861.96,0.0011601,180.15,184.61,0.78058,0.91559,2.5049,496.53,0.56877,0.082089,0.092471,0.0039331,,,47,3843.4,109.24,0.0091545,359.34,394.52,1.5263,0.91516,2.0449,2.234472661,206.49,13.798,0.016161,0.02142
48,3895.5,858.73,0.0011645,181.4,185.93,0.78506,0.91602,2.5251,492.23,0.58672,0.081437,0.091888,0.0038395,,,48,3895.5,111.09,0.0090017,359.13,394.19,1.5235,0.91783,2.0736,2.259241908,206.15,13.73,0.016229,0.021612
49,3948.1,855.47,0.001169,182.65,187.26,0.78955,0.91648,2.546,487.91,0.60521,0.080784,0.091307,0.0037462,,,49,3948.1,112.98,0.0088511,358.9,393.85,1.5206,0.92053,2.1035,2.285096629,205.8,13.662,0.016299,0.021809
50,4001.2,852.17,0.0011735,183.9,188.6,0.79405,0.91696,2.5678,483.56,0.62428,0.080131,0.090726,0.0036533,,,50,4001.2,114.91,0.0087026,358.67,393.49,1.5177,0.92326,2.1346,2.312024782,205.45,13.594,0.01637,0.022012
51,4054.9,848.83,0.0011781,185.17,189.94,0.79858,0.91747,2.5905,479.18,0.64394,0.079478,0.090146,0.0035609,,,51,4054.9,116.87,0.0085562,358.43,393.12,1.5147,0.92603,2.1669,2.339988985,205.09,13.526,0.016441,0.022221
52,4109,845.46,0.0011828,186.44,191.3,0.80312,0.918,2.6142,474.77,0.66424,0.078825,0.089568,0.0034688,,,52,4109,118.88,0.0084117,358.17,392.74,1.5118,0.92882,2.2007,2.369350359,204.73,13.457,0.016514,0.022436
53,4163.8,842.05,0.0011876,187.71,192.66,0.80768,0.91856,2.6388,470.33,0.68519,0.078171,0.088991,0.0033772,,,53,4163.8,120.93,0.0082691,357.91,392.34,1.5088,0.93165,2.2359,2.399935598,204.36,13.389,0.016588,0.022658
54,4219.1,838.6,0.0011925,189,194.03,0.81226,0.91914,2.6646,465.86,0.70683,0.077516,0.088415,0.0032859,,,54,4219.1,123.02,0.0081285,357.63,391.93,1.5057,0.93452,2.2727,2.431943672,203.99,13.32,0.016664,0.022886
55,4274.9,835.11,0.0011974,190.29,195.41,0.81685,0.91976,2.6915,461.37,0.7292,0.076861,0.08784,0.0031951,,,55,4274.9,125.16,0.0079896,357.35,391.5,1.5027,0.93742,2.3111,2.465383713,203.61,13.251,0.01674,0.023121
56,4331.2,831.58,0.0012025,191.59,196.8,0.82148,0.9204,2.7196,456.84,0.75233,0.076204,0.087267,0.0031047,,,56,4331.2,127.35,0.0078526,357.05,391.06,1.4996,0.94036,2.3514,2.500531711,203.23,13.182,0.016818,0.023365
57,4388.2,828,0.0012077,192.9,198.2,0.82612,0.92108,2.7491,452.27,0.77627,0.075547,0.086695,0.0030148,,,57,4388.2,129.58,0.0077173,356.74,390.6,1.4964,0.94334,2.3937,2.537473233,202.84,13.112,0.016898,0.023616
58,4445.7,824.38,0.001213,194.22,199.61,0.83079,0.9218,2.78,447.67,0.80106,0.074887,0.086124,0.0029253,,,58,4445.7,131.86,0.0075837,356.41,390.13,1.4932,0.94636,2.438,2.576186652,202.44,13.042,0.016979,0.023876
59,4503.7,820.71,0.0012185,195.54,201.03,0.83548,0.92255,2.8124,443.03,0.82675,0.074227,0.085555,0.0028363,,,59,4503.7,134.2,0.0074517,356.08,389.64,1.49,0.94943,2.4845,2.616833258,202.04,12.972,0.017062,0.024145
60,4562.3,816.99,0.001224,196.88,202.46,0.8402,0.92334,2.8465,438.36,0.85338,0.073564,0.084988,0.0027478,,,60,4562.3,136.59,0.0073214,355.73,389.13,1.4868,0.95254,2.5335,2.659730825,201.64,12.901,0.017146,0.024423
61,4621.5,813.21,0.0012297,198.23,203.91,0.84494,0.92417,2.8824,433.64,0.88102,0.0729,0.084422,0.0026597,,,61,4621.5,139.03,0.0071925,355.36,388.6,1.4834,0.95571,2.5852,2.705004656,201.22,12.83,0.017232,0.024713
62,4681.3,809.39,0.0012355,199.58,205.37,0.84972,0.92504,2.9203,428.89,0.90972,0.072233,0.083858,0.0025722,,,62,4681.3,141.54,0.0070652,354.98,388.06,1.4801,0.95892,2.6397,2.752784382,200.81,12.758,0.01732,0.025013
63,4741.7,805.5,0.0012415,200.95,206.83,0.85452,0.92596,2.9602,424.09,0.93955,0.071564,0.083296,0.0024851,,,63,4741.7,144.11,0.0069393,354.58,387.49,1.4767,0.96218,2.6972,2.803217693,200.38,12.685,0.01741,0.025324
64,4802.6,801.55,0.0012476,202.33,208.32,0.85936,0.92693,3.0025,419.25,0.97058,0.070892,0.082737,0.0023985,,,64,4802.6,146.74,0.0068148,354.17,386.9,1.4732,0.9655,2.7582,2.856758156,199.96,12.612,0.017502,0.025649
65,4864.2,797.55,0.0012538,203.71,209.81,0.86424,0.92795,3.0472,414.36,1.0029,0.070217,0.082179,0.0023125,,,65,4864.2,149.44,0.0066916,353.74,386.29,1.4697,0.96888,2.8229,2.913570308,199.52,12.538,0.017596,0.025987
66,4926.4,793.47,0.0012603,205.12,211.33,0.86915,0.92902,3.0948,409.42,1.0365,0.069539,0.081624,0.002227,,,66,4926.4,152.21,0.0065698,353.29,385.66,1.4661,0.97232,2.8916,2.973918052,199.08,12.463,0.017693,0.026339
67,4989.1,789.32,0.0012669,206.53,212.85,0.8741,0.93016,3.1453,404.43,1.0716,0.068857,0.081072,0.0021421,,,67,4989.1,155.06,0.0064491,352.83,385,1.4625,0.97582,2.9648,3.038265254,198.63,12.386,0.017792,0.026708
68,5052.5,785.1,0.0012737,207.96,214.39,0.8791,0.93136,3.1992,399.39,1.1083,0.06817,0.080522,0.0020577,,,68,5052.5,157.99,0.0063297,352.34,384.32,1.4587,0.97939,3.0428,3.106831803,198.18,12.309,0.017893,0.027093
69,5116.5,780.81,0.0012807,209.4,215.96,0.88414,0.93262,3.2568,394.29,1.1466,0.06748,0.079976,0.0019739,,,69,5116.5,161,0.0062114,351.83,383.61,1.455,0.98304,3.1263,3.180236816,197.72,12.231,0.017997,0.027496
70,5181.1,776.43,0.001288,210.86,217.53,0.88922,0.93396,3.3184,389.13,1.1867,0.066785,0.079433,0.0018908,,,70,5181.1,164.09,0.0060941,351.3,382.87,1.4511,0.98676,3.2158,3.258948478,197.26,12.151,0.018105,0.027919
71,5246.4,771.96,0.0012954,212.33,219.13,0.89436,0.93538,3.3846,383.91,1.2287,0.066084,0.078895,0.0018082,,,71,5246.4,167.28,0.0059778,350.75,382.11,1.4472,0.99056,3.3119,3.343462284,196.78,12.07,0.018215,0.028363
72,5312.3,767.39,0.0013031,213.83,220.75,0.89955,0.93688,3.4559,378.63,1.2728,0.065378,0.078361,0.0017262,,,72,5312.3,170.57,0.0058625,350.17,381.31,1.4431,0.99444,3.4156,3.434696915,196.3,11.987,0.018329,0.028831
73,5378.9,762.73,0.0013111,215.34,222.39,0.90481,0.93847,3.5328,373.28,1.3191,0.064666,0.077832,0.001645,,,73,5378.9,173.97,0.0057481,349.56,380.48,1.439,0.99842,3.5276,3.533182428,195.82,11.902,0.018447,0.029324
74,5446.1,757.96,0.0013193,216.87,224.05,0.91012,0.94016,3.6163,367.85,1.3678,0.063946,0.077309,0.0015643,,,74,5446.1,177.48,0.0056344,348.93,379.61,1.4348,1.0025,3.6491,3.64,195.32,11.816,0.018568,0.029845
75,5514,753.08,0.0013279,218.42,225.74,0.9155,0.94196,3.707,362.35,1.4191,0.063219,0.076793,0.0014844,,,75,5514,181.11,0.0055215,348.26,378.71,1.4305,1.0067,3.7813,3.756133903,194.82,11.727,0.018694,0.030398
76,5582.5,748.07,0.0013368,219.99,227.45,0.92096,0.94387,3.8061,356.77,1.4732,0.062484,0.076286,0.0014052,,,76,5582.5,184.87,0.0054093,347.56,377.76,1.426,1.011,3.9258,3.883086053,194.32,11.636,0.018825,0.030984
77,5651.8,742.93,0.001346,221.59,229.2,0.9265,0.94591,3.9147,351.11,1.5305,0.061739,0.075788,0.0013268,,,77,5651.8,188.77,0.0052976,346.83,376.77,1.4215,1.0154,4.0843,4.022355722,193.8,11.543,0.01896,0.031608
78,5721.7,737.65,0.0013557,223.21,230.97,0.93213,0.94809,4.0345,345.36,1.5911,0.060985,0.075301,0.0012491,,,78,5721.7,192.81,0.0051864,346.06,375.74,1.4168,1.0199,4.259,4.175899598,193.28,11.447,0.019101,0.032274
79,5792.4,732.21,0.0013657,224.87,232.78,0.93785,0.95043,4.1671,339.51,1.6555,0.060219,0.074828,0.0011723,,,79,5792.4,197.03,0.0050755,345.25,374.65,1.4119,1.0245,4.4525,4.34602245,192.74,11.347,0.019248,0.032988
80,5863.7,726.59,0.0013763,226.55,234.62,0.94368,0.95293,4.3148,333.55,1.7239,0.059441,0.07437,0.0010963,,,80,5863.7,201.42,0.0049649,344.4,373.51,1.4069,1.0294,4.6681,4.53477754,192.2,11.245,0.019402,0.033755
81,5935.8,720.79,0.0013874,228.27,236.51,0.94963,0.95562,4.4805,327.49,1.797,0.058649,0.073933,0.0010212,,,81,5935.8,206,0.0048544,343.49,372.31,1.4017,1.0343,4.9099,4.747075317,191.65,11.138,0.019562,0.034583
82,6008.6,714.78,0.001399,230.03,238.43,0.95571,0.95853,4.6676,321.31,1.875,0.057841,0.073521,0.00094697,,,82,6008.6,210.8,0.0047438,342.53,371.04,1.3964,1.0395,5.183,4.986050986,191.1,11.027,0.019732,0.035481
83,6082.2,708.54,0.0014114,231.83,240.41,0.96193,0.96167,4.8808,315,1.9588,0.057016,0.073138,0.00087374,,,83,6082.2,215.84,0.0046331,341.52,369.7,1.3908,1.0448,5.4937,5.258135528,190.53,10.912,0.01991,0.036458
84,6156.5,702.04,0.0014244,233.68,242.45,0.96832,0.96508,5.126,308.56,2.0489,0.056171,0.072794,0.00080155,,,84,6156.5,221.15,0.0045219,340.43,368.27,1.3849,1.0504,5.8507,5.569973343,189.95,10.79,0.020099,0.037529
85,6231.6,695.24,0.0014384,235.58,244.54,0.9749,0.96879,5.4109,301.96,2.1462,0.055304,0.072498,0.00073043,,,85,6231.6,226.75,0.0044101,339.28,366.76,1.3788,1.0561,6.2652,5.932392766,189.36,10.663,0.020299,0.03871
86,6307.5,688.11,0.0014533,237.54,246.71,0.98169,0.97286,5.7465,295.2,2.2518,0.05441,0.072265,0.00066048,,,86,6307.5,232.7,0.0042974,338.04,365.14,1.3724,1.0622,6.7523,6.356900772,188.76,10.529,0.020513,0.040022
87,6384.3,680.59,0.0014693,239.58,248.96,0.98873,0.97734,6.1476,288.26,2.3668,0.053486,0.072114,0.00059175,,,87,6384.3,239.04,0.0041834,336.7,363.41,1.3656,1.0685,7.3329,6.862798315,188.14,10.386,0.020744,0.041493
88,6461.8,672.61,0.0014867,241.69,251.3,0.99606,0.98229,6.6356,281.11,2.4929,0.052526,0.07207,0.00052436,,,88,6461.8,245.84,0.0040677,335.25,361.53,1.3584,1.0751,8.0373,7.47586271,187.52,10.234,0.020992,0.043161
89,6540.2,664.1,0.0015058,243.91,253.76,1.0037,0.98783,7.2425,273.73,2.6319,0.051523,0.072171,0.00045841,,,89,6540.2,253.18,0.0039497,333.66,359.5,1.3506,1.0821,8.9097,8.233712226,186.87,10.071,0.021264,0.045078
90,6619.5,654.94,0.0015269,246.24,256.35,1.0118,0.99406,8.0181,266.08,2.7863,0.050467,0.072472,0.00039402,,,90,6619.5,261.18,0.0038288,331.92,357.27,1.3423,1.0896,10.019,9.195117474,186.21,9.8943,0.021563,0.047316
91,6699.8,644.96,0.0015505,248.73,259.11,1.0205,1.0012,9.0442,258.13,2.9597,0.049346,0.07305,0.00033138,,,91,6699.8,269.99,0.0037038,329.98,354.8,1.3333,1.0975,11.476,10.45649203,185.53,9.7006,0.021897,0.049988
92,6780.9,633.94,0.0015774,251.4,262.1,1.0298,1.0094,10.465,249.81,3.1566,0.04814,0.074031,0.00027069,,,92,6780.9,279.84,0.0035734,327.8,352.03,1.3232,1.106,13.476,12.18444846,184.83,9.4857,0.022276,0.05327
93,6863.1,621.52,0.001609,254.33,265.38,1.0401,1.0191,12.561,241.04,3.384,0.046819,0.075621,0.00021224,,,93,6863.1,291.09,0.0034354,325.27,348.85,1.312,1.1152,16.393,14.69960545,184.1,9.2426,0.022718,0.057466
94,6946.4,607.1,0.0016472,257.64,269.08,1.0517,1.031,15.954,231.68,3.6526,0.045335,0.078214,0.00015642,,,94,6946.4,304.32,0.0032861,322.28,345.11,1.2989,1.1254,21.043,18.69824063,183.34,8.9602,0.023249,0.060991
95,7030.7,589.52,0.0016963,261.53,273.45,1.0654,1.0461,22.343,221.5,3.9821,0.043594,0.082716,0.00010382,,,95,7030.7,320.66,0.0031186,318.57,340.49,1.283,1.1367,29.606,26.04557051,182.54,8.6175,0.023925,0.062968
96,7116.4,566.05,0.0017666,266.52,279.09,1.0832,1.0671,38.467,210,4.4156,0.041376,0.09208,5.55E-05,,,96,7116.4,342.8,0.0029171,313.52,334.27,1.262,1.1494,50.465,43.90551592,181.71,8.1666,0.024882,0.065748
97,7203.5,525.65,0.0019024,274.75,288.45,1.113,1.1033,137.15,195.59,5.115,0.037823,0.097696,1.40E-05,,,97,7203.5,381.58,0.0026207,304.75,323.62,1.2267,1.1632,168.95,145.2458735,180.99,7.4248,0.026686,0.070922